mv,25,1697.681
Darksilver,25,1992.882
Barnyard,25,2080.564
RipDaLip,25,2117.656
TriBull,25,2239.979
Fiorix,25,2358.209
Bree,25,2410.990
Gafannen,24,1813.742
CALFPV,24,1929.382
mcrakus,24,2062.858
DAFFPV,24,2142.359
frteskesc,24,2256.107
DirtyMuffin,23,1546.828
SolidFpv,23,1603.356
ALPIFPV,23,1624.918
FPVFPVINEEDTOGETFASTER,23,1645.408
cdan,23,1760.816
MegaHurts,23,1783.883
Deviled90,23,1931.176
DeMoNse3d,23,1953.881
ETERNAL☆GOODVIBES,23,2047.029
FPVlC,23,2285.304
RobSi,23,2301.359
EuLeR,22,1391.652
DracFPV,22,1500.851
MARAHUTE,22,1530.001
Bashikami,22,1791.826
Lacasito,21,1470.782
CharlieMorry,21,1481.237
Smurf47akaUlrik,21,1680.833
SzeryfxD,21,1865.915
ibor24,21,2007.759
whalefpv,21,2041.236
Brombeer,21,2223.206
iamwud,20,1546.788
chogeRINTGF,20,1637.583
LOSLobo,20,1670.382
talkrz,20,2169.361
limmo,20,2377.177
TCNMGrower,19,1417.819
LeoOnFire,19,1426.083
MX_BIGRAMON,19,1476.905
YAWESOME,19,1670.509
ThirdEyeFPV,19,1975.423
YCKFPV,19,1986.828
ChainsawFPV,19,2021.548
fape,19,2023.442
Kosta,18,1166.915
karrson㋡,18,1263.199
HQBearShampoo,18,1288.126
loufpv,18,1322.106
TCAyyyKayyy,18,1333.525
SmokyFPV,18,1386.071
HQlephroslowmode,18,1386.281
Tyg3r,18,1484.454
KarachoFPV,18,1500.228
ThumbGrippiescom,18,1505.685
BearmanFPV,18,1529.081
OrigDragon,18,1537.630
Musilex,18,1881.196
MaxMarvelous,18,2148.483
NoahLikeTheArk,18,2184.655
DragonFlyte,18,2202.657
ETERNAL☆BURAK,17,1076.190
geek_fpv,17,1095.854
ChrisM,17,1196.631
abcd1234,17,1369.838
bigspeed,17,1456.732
NotSure,17,1620.937
AdamWu,17,1792.312
kuatoFPV,16,1314.724
BARONGFPV,16,1365.479
BlueWolfTFS,16,1371.567
Saqoosha,16,1376.142
Johnn,16,1381.779
IonFPV,16,1388.059
wapfpv,16,1450.855
KOCFPV,16,1468.519
fabiofpv,16,1478.355
BatmanFPV,16,1575.097
VitalyMi85,16,1577.581
NicoFPV,16,1578.907
FanZ,16,1600.866
kasapon,16,1605.563
CerbAirus,16,1615.633
JWWFPV,16,1622.740
Fastodon,16,1842.141
XB₸ЯIИ✘,15,1073.762
slick_fpv,15,1176.678
AlexeyStn_Overpass,15,1213.577
Eugy01_Overpass,15,1294.513
doggz,15,1451.346
Tomeroni,15,1499.715
Marchdoc,15,1701.471
Ninjakat,14,1030.358
MiG29,14,1074.006
Falke_PV,14,1098.692
Phantom542,14,1189.679
Kaiser,14,1202.691
SashPRO,14,1256.610
HQBatuFPV,14,1283.599
propcounter,14,1290.833
JR138,14,1339.010
DRKfpv,14,1380.039
DroneMacleod,14,1504.704
RaZm0,14,1608.177
Frequency_Fpv,14,1676.517
iwandi,14,1711.090
XBDarKex,13,876.269
SWEEPER,13,876.577
TBSskAve,13,888.276
skAt,13,977.760
PaulEFPV,13,1021.849
MattiZ,13,1195.472
TrollFPV,13,1208.989
Smashhappyfpv,13,1245.707
TH,13,1448.329
thestorm,13,1506.640
