TCEuLeR,7,444.42
DirtyMuffin,7,460.881
Ewen,7,469.362
mv,7,472.579
TBSskAve,7,473.848
TCGundren_Fpv,7,476.79
karrson㋡,7,479.253
DracFPV,7,482.54
iamwud,7,490.602
HQBearShampoo,7,498.026
SmokyFPV,7,498.731
loufpv,7,515.39
MegaHurts,7,532.547
cdan,7,535.415
Gafannen,7,541.048
TCNMGrower,7,545.037
CALFPV,7,546.952
TCDarksilver,7,558.584
TCProDangles,7,564.854
Johnn,7,578.989
Barnyard,7,580.288
MARAHUTE,7,582.196
Snowyeti,7,584.932
bigspeed,7,587.969
Kaiser,7,598.967
KarachoFPV,7,602.547
OrigDragon,7,602.956
mcrakus,7,614.958
SzeryfxD,7,618.68
Bloke,7,623.578
Tyg3r,7,624.433
KOCFPV,7,624.475
DeMoNse3d,7,627.559
TrollFPV,7,631.185
DAFFPV,7,639.379
whalefpv,7,640.239
RipDaLip,7,640.422
TriBull,7,656.151
Fiorix,7,662.926
kasapon,7,687.694
RobSi,7,761.362
HAISENFPV,6,361.589
Kosta,6,384.823
HQBurkanBiceps,6,386.826
Lacasito,6,408.866
ALPIFPV,6,415.655
FPVFPVINEEDTOGETFASTER,6,419.651
ChrisM,6,434.619
CharlieMorry,6,435.044
HQlephro,6,437.142
XB₸ЯIИ✘,6,439.473
Smurf47akaUlrik,6,442.78
LeoOnFire,6,448.819
TheGuineaPigMaster,6,458.449
MX_BIGRAMON,6,477.09
LOSLobo,6,477.701
Bashikami,6,484.124
CutnLines,6,484.461
BlueWolfTFS,6,498.994
Deviled90,6,499.014
BARONGFPV,6,504.423
fabiofpv,6,505.665
BadSpeed,6,525.702
ETERNAL☆GOODVIBES,6,545.53
FPVlC,6,566.085
doggz,6,577.434
Tomeroni,6,623.75
NicoFPV,6,634.505
frteskesc,6,638.427
cbleehk,6,644.582
Musilex,6,653.595
YCKFPV,6,674.254
limmo,6,699.793
SWEEPER,5,290.45
XBDarKex,5,314.183
TCAyyyKayyy,5,341.094
skAt,5,353.183
RCSwix,5,366.782
ETERNAL☆PaulEFPV,5,375.863
Ninjakat,5,376.708
Falke_PV,5,388.436
SOMi,5,389.247
chogeRINTGF,5,399.448
Thor_fpv,5,400.788
TFSElomakin,5,412.114
SimAdrone,5,416.284
AlexeyStn_Overpass,5,419.318
wapfpv,5,422.523
SwEnglishFPV,5,424.025
SashPRO,5,433.989
KiloFoxtrot,5,443.02
HQBatuFPV,5,450.893
Massive,5,453.445
TH,5,463.396
ibor24,5,473.365
RAFN,5,474.528
Fifarez,5,476.862
FuzeJM,5,492.079
RIVALSMixedSignals,5,493.588
NJudah,5,512.282
JWWFPV,5,512.948
BatmanFPV,5,527.157
FactfireFPV,5,538.991
MioElGato,5,539.719
izis,5,554.697
ThirdEyeFPV,5,558.658
ChainsawFPV,5,559.039
AdamWu,5,566.478
fape,5,571.161
Fastodon,5,573.738
DroneMacleod,5,577.821
GarnChef,5,579.852
Marchdoc,5,587.319
ForkMaster,5,592.009
Brombeer,5,597.886
Flynby,4,247.303
Femto_Chungus,4,256.031
OliHawk,4,263.827
ETERNAL☆BURAK,4,264.789
HQLongxinPeng,4,270.707
HaloWalker03,4,274.118
StickmanFPV,4,286.84
Smeland_FPV,4,287.348
vexsk,4,287.469
BEARRACER,4,305.124
Slikster,4,305.441
Fellstar,4,308.512
Phantom542,4,312.436
StefanLjungberg,4,314.825
MelissaFPV,4,332.203
Cee_FPV,4,336.82
abcd1234,4,339.338
YAWESOME,4,345.459
Guile,4,351.111
JR138,4,354.971
FpvBerci,4,362.156
PandaROLL3D,4,363.049
Saqoosha,4,364.035
BearmanFPV,4,370.596
IonFPV,4,396.309
BambiFPV,4,415.245
NotSure,4,418.158
Vekt0rz,4,423.791
ethr,4,464.011
talkrz,4,482.078
Frequency_Fpv,4,493.99
eedok,4,502.631
NoahLikeTheArk,4,507.181
DesertRat,4,514.507
SpencerDfpv,4,525.809
DragonFlyte,4,548.659
