2022 Freedom Spec Champioship,Dynamic Weather,105.055,CravenFPV(Laptop),CostaRica,Five33Switchback,2022/08/20
2022 MultiGP Canadian Series by DCH FPV,Countryside,999.999,CravenFPV(Laptop),NO_DATA
2022 MultiGP IO Freedom Spec,Dynamic Weather,96.545,CravenFPV(Laptop),CostaRica,Five33Switchback,2022/06/07
2022 MultiGP IO Intermediate,Dynamic Weather,999.999,CravenFPV(Laptop),NO_DATA
2022 MultiGP IO Team,Dynamic Weather,61.072,CravenFPV(Laptop),CostaRica,Five33Switchback,2022/06/07
2022 MultiGP IO World Cup,Dynamic Weather,65.721,CravenFPV(Laptop),CostaRica,Five33Switchback,2022/06/07
Mayhem 22 by SFPV,Empty Scene Day,999.999,CravenFPV(Laptop),NO_DATA
MGP Champs 2022,Dynamic Weather,87.249,CravenFPV(Laptop),CostaRica,Five33Switchback,2022/10/18
MGP Champs 2022 sports track,Empty Scene Day,999.999,CravenFPV(Laptop),NO_DATA
MGP Ice Rink Race 2022,Empty Scene Day,66.573,CravenFPV(Laptop),CostaRica,Five33Switchback,2022/05/10
MultiGP 2022 Global Qualifier,Dynamic Weather,33.220,CravenFPV(Laptop),CostaRica,Five33Switchback,2022/05/19
TBS EU Spec Series 10 FINAL --- ChrisM,Football Stadium,87.969,CravenFPV(Laptop),CostaRica,Five33Switchback,2022/02/24
TBS EU Spec Series 10 Losers Final,Football Stadium,59.958,CravenFPV(Laptop),CostaRica,Five33Switchback,2022/02/27
TBS EU Spec Series 10 Race 1,Football Stadium,999.999,CravenFPV(Laptop),NO_DATA
TBS EU Spec Series 10 Race 2,Empty Scene Day,999.999,CravenFPV(Laptop),NO_DATA
TBS EU Spec Series 10 Race 3,Night Factory 2,999.999,CravenFPV(Laptop),NO_DATA
TBS EU Spec Series 10 Race 4,Dynamic Weather,74.713,CravenFPV(Laptop),CostaRica,Five33Switchback,2022/01/09
TBS EU Spec Series 10 Race 5 _2,IndoorGoKart,75.090,CravenFPV(Laptop),CostaRica,TBSSpec,2022/01/27
TBS EU Spec Series 10 Race 6,Large Carpark,69.396,CravenFPV(Laptop),CostaRica,TBSSpec,2022/01/28
TBS EU Spec Series 10 Race 7,Football Stadium,999.999,CravenFPV(Laptop),NO_DATA
